{
    "angle_min": 0.0,
    "angle_max": 6.265732765,
    "angle_increment": 0.0174532,
    "range_min": 0.12,
    "range_max": 3.5,
    "ranges": [
        2.56,
        1.54,
        2.27,
        1.29,
        1.43,
        1.55,
        0.27,
        1.68,
        0.25,
        2.07,
        0.6,
        3.33,
        0.69,
        0.12,
        2.66,
        0.98,
        0.44,
        0.46,
        0.91,
        2.6,
        3.07,
        2.03,
        2.23,
        1.45,
        0.75,
        1.82,
        1.07,
        2.44,
        3.31,
        2.96,
        3.34,
        2.17,
        2.4,
        2.51,
        1.03,
        1.14,
        1.78,
        1.12,
        2.03,
        2.88,
        1.44,
        3.41,
        1.26,
        0.53,
        1.05,
        3.23,
        1.05,
        0.19,
        0.67,
        1.28,
        0.7,
        2.8,
        0.37,
        3.19,
        0.47,
        1.31,
        1.96,
        0.63,
        0.35,
        0.57,
        1.43,
        0.73,
        2.66,
        1.85,
        0.24,
        1.65,
        0.76,
        0.73,
        1.23,
        1.03,
        1.54,
        2.76,
        3.13,
        3.4,
        3.42,
        1.57,
        2.2,
        1.25,
        2.52,
        2.93,
        3.03,
        0.36,
        2.99,
        0.74,
        3.4,
        3.07,
        0.2,
        1.09,
        1.98,
        1.32,
        0.78,
        1.59,
        2.09,
        1.67,
        1.55,
        3.48,
        1.12,
        2.0,
        1.94,
        1.54,
        2.3,
        0.42,
        1.04,
        1.91,
        2.41,
        0.32,
        2.25,
        1.79,
        0.33,
        2.38,
        2.83,
        1.59,
        2.28,
        1.64,
        2.13,
        3.43,
        1.08,
        0.22,
        2.18,
        1.25,
        1.36,
        1.22,
        3.21,
        2.99,
        0.75,
        2.6,
        2.64,
        3.16,
        1.66,
        2.84,
        0.78,
        3.06,
        1.47,
        3.28,
        0.62,
        0.4,
        1.28,
        2.59,
        1.11,
        0.91,
        1.32,
        1.06,
        2.49,
        3.36,
        2.38,
        3.45,
        2.98,
        1.96,
        2.8,
        0.16,
        0.29,
        0.68,
        3.33,
        2.26,
        1.45,
        3.16,
        0.79,
        2.57,
        0.37,
        2.96,
        2.08,
        2.82,
        0.84,
        1.08,
        1.25,
        2.86,
        1.32,
        3.23,
        3.17,
        3.08,
        1.52,
        2.76,
        1.4,
        3.12,
        1.57,
        2.73,
        0.64,
        0.77,
        2.06,
        2.87,
        0.21,
        2.58,
        0.82,
        2.54,
        0.16,
        3.33,
        1.49,
        2.93,
        3.36,
        1.79,
        2.9,
        1.69,
        1.57,
        1.06,
        0.86,
        0.14,
        0.14,
        1.31,
        1.99,
        3.12,
        0.21,
        2.48,
        2.02,
        2.57,
        1.71,
        3.36,
        1.86,
        1.67,
        1.3,
        3.5,
        2.57,
        1.28,
        0.87,
        1.44,
        0.25,
        0.39,
        3.35,
        2.2,
        2.64,
        0.73,
        3.44,
        3.18,
        1.32,
        0.65,
        0.6,
        2.58,
        0.55,
        2.73,
        2.22,
        2.18,
        1.07,
        1.97,
        2.49,
        3.42,
        1.72,
        2.96,
        1.4,
        2.67,
        0.79,
        3.29,
        1.33,
        1.34,
        1.13,
        2.05,
        0.27,
        2.26,
        2.95,
        0.68,
        1.69,
        0.85,
        1.16,
        1.51,
        1.82,
        2.85,
        2.58,
        2.65,
        3.41,
        3.04,
        0.75,
        1.43,
        1.02,
        0.86,
        0.65,
        1.69,
        0.95,
        2.9,
        1.73,
        0.41,
        2.79,
        3.38,
        2.48,
        3.46,
        2.79,
        1.95,
        0.22,
        2.74,
        0.21,
        2.91,
        2.79,
        1.86,
        0.46,
        0.33,
        2.11,
        1.94,
        0.67,
        1.57,
        1.41,
        2.11,
        2.58,
        2.54,
        0.17,
        2.03,
        3.38,
        0.64,
        0.44,
        1.6,
        2.11,
        3.22,
        1.12,
        0.31,
        3.06,
        1.26,
        1.77,
        0.49,
        3.09,
        3.03,
        2.91,
        3.4,
        2.26,
        0.88,
        1.46,
        2.54,
        3.42,
        3.13,
        2.17,
        0.81,
        1.3,
        3.1,
        1.29,
        0.28,
        2.25,
        2.66,
        2.27,
        3.05,
        0.89,
        1.43,
        1.64,
        3.19,
        2.29,
        0.58,
        2.88,
        2.72,
        2.58,
        1.62,
        1.85,
        1.83,
        2.65,
        0.29,
        2.65,
        1.59,
        1.96,
        0.86,
        2.44,
        1.31,
        1.55,
        1.61,
        2.9,
        2.44,
        0.19,
        1.19,
        0.66,
        0.16,
        1.56,
        0.39,
        1.63,
        0.18,
        2.23,
        2.45,
        0.15,
        2.06
    ],